shermyworm,63ce4681-cbea-33aa-813a-9281337dcb1c
notsoouzyy,8c92623d-2b6c-3c1f-97f0-4f77d44bef64
yeetishsquibble2,c1eb09f6-b316-30e9-9c0f-3b7a9d36c4f8
heywillwhatwere,60a74107-882b-3789-9f89-ad5069841e69
willsuckshisbro,184c3b5d-c105-3d75-8d43-410892f39afc
nerdude_eli,4cb0cf70-ee8c-399d-88fe-ad6674ea29aa
vincents_toes,55269633-1a7d-3fd7-aa51-863f6a606267
itspounce,27fb9cc7-0e81-319c-a13f-66f3dea1d36f
darveryeeish613,ad985796-aeda-3fa0-a457-61beaf216e47
buckmealt,c091d250-e038-35b7-9e28-489130527245
luke_k,eaad7be7-8538-383d-a63b-7fbcd9630729
beguer,0dd8d012-eb16-3d88-a3e9-c2c8cbf21463
kars,388446ca-c92b-3fa7-a580-953972bb945d
kiwiolo_alt,cd8bc4b7-f96f-34d8-94e3-eb867d39d236
shermydaddy,c9cf35fb-4a85-364a-806a-fe5ca17ea5a6
dkb_enwmkn_,a5b9ba40-e28a-3244-94c5-5397a4d83a5b
karss,0ac02911-4559-3fac-94e9-16a241027af9
the_real_drem,0d91074c-4697-32ea-a720-807a5306309b
hithereguy,83762fee-d638-3ad8-a34c-531ef9b2a29e
r_is_for_retard,b21d0c57-6268-3498-a642-8ce00d3eed21
diknballs,f5dc973a-a1d0-3aa2-a504-5be9c4cbe9be
yeelerdarver793,e8af3fd7-559f-3ee0-bd8f-5967e0f676fc
gabriel_gunkel,b8bba38f-9caa-328e-93f4-943da6f9b250
vincentlikes_toe,de167d93-4977-336b-ae64-5b084f20e472
olliedabest69hi,37f9a978-1b45-3838-9029-91fc06dda5e6
heywillwhatwere2,ac0fd55f-e6fe-324f-9f56-3b530e77e58b
pho999,0be27e05-cb5d-310e-8e3d-fad2ad95c617
l__,09445744-11b6-33e2-8d51-59cd494382fb
tupac4real,bfc0e32f-7a20-3499-955b-a9edf8226c9e
niceguy3000,f9687a8e-bb06-3c27-86d3-7a9410cdc67e
darvleryeer189,7c992c74-d5e5-3c4f-8a9c-eed687a90614
olliedabest69,e47e8598-90e1-3a91-9560-0ba51cd76191
prest11,992eabb7-30ae-3b6c-9081-b5a33e98416d
phole,9ed76e68-0b02-3677-a0f7-87d74a52327b
________________,309ab0c3-587c-3840-b643-a966d8825fb7
rric,abd68804-0f54-3f39-93da-af0385154607
the,5a0fc86f-71b1-37c9-8bb9-390d3ed5239b
tmiller,d0aaaae6-a041-3ddd-91e6-f43983197213
olliedabest,846f8170-5802-3bd9-9c87-31aa50a8424a
jongo,32d62961-8383-3075-b58e-1bb3b37e40d7
___,3aa10d45-6372-352e-b9af-2eba497ed912
notsoouzy,5b1ebbba-57fd-3403-9e6b-53de47c968d7
hi_,eb5fb0bd-c340-328a-92fc-172d5269a836
ass,a5839d25-ad41-30d4-8119-b7216028c125
dukeypooki,1adf0b31-94a6-337c-bc18-9c527519e603
bukkit,1654e60e-4762-3124-8e55-10f9fc995d46
con,2fdffc90-b665-3f96-aebf-f7f6bfebeb2b
chill,a39fe250-b61a-3b11-9604-56717437544e
abc123,ea153d84-34db-3468-be7b-e95195199ed3
voolyigg532,1111d289-9b63-3f94-8b53-4736951c07ba
roblcoms__,0220c7b5-5fa7-3e57-9c26-e64050421e41
willwhatwerewe,5251f06d-b05a-3e58-9786-fa3815c0a325
pho99,53be06d5-b204-3468-a949-876aa9597279
skibidicuh,7f146e14-01bf-39c1-8a9e-f8bf46d87e7f
herschel,4dd4146a-3150-374a-9989-e4a231c59d7c
laborytory,35e399ce-632e-3867-b1ab-4ec0841722c4
vincent_healy,94a131b4-525d-399f-a6a2-081ca70c59fe
yahoo,ed6c0189-3616-3a3f-ab3a-1ba47539d698
roblcoms_,b8ea0516-4785-36a4-8621-36962dded34c
ppllss,086f3178-ed37-3dc6-81d4-a392f56f5137
dukeypookiee,ace4f43f-5b3e-384e-a375-ab415eb3e041
caleb_krob,75acab30-7a19-35ec-8b63-ba0b8f00e056
squibbles27,fc24272e-8b21-3faa-a4ea-c6aa00a4b778
tacomuncher,deced9a8-b40a-36eb-9372-c44b01cf36f1
kiwiolo,87a19476-8b11-320c-a182-a32289dceb6a
hithereguys,9361798b-a0c6-3c13-ad6c-22ef03040fab
emmett_emmett,5f0912f4-4f10-3354-a071-d652990073a7
roblcoms,23661cae-7d73-317e-acc7-fda1f753b8e8
roblcoms69,10597fa6-5136-34f7-bd95-5657d43ac2d2
hithereguyz,42eccb40-7148-32e8-a1a3-20d5ce85d0c2
idk,89048e4d-07c4-38bc-a1af-595e66b07e25
squibbles,bfa1cc52-37e3-3853-9183-7ca2ccd8f6d0
sullivan,b71951b3-8f1d-3525-b330-e726b74abd16
the_real_dreme,df0a4ed6-9b6c-3cba-af44-d460038e0308
raaa,bd878e15-dc2b-37bd-b69d-4e9e408ca3fd
stalin,0855aa08-5168-317e-a3ed-7dfa701e1715
dukeypookie,8cb5f7bc-676d-3c8a-b25b-49dd0233078f
bayerasspirin,e7cf4839-fb39-3ca0-8d11-84cdf56a3439
techno_nvr_dies,cc33d839-b5c5-3352-8c37-84ce755b1eb4
99_3,6c27a563-ad6c-3cba-8223-7052b541e0fe
jongo2,3ebf010e-fa19-32c4-8306-0c84526c06f1
letmetalk,d8ad03f6-6b7d-3684-90c2-4d0824b6cd64
lijahpijah8,fa8bc7c6-effb-3154-8d1b-a48615d7a38a
nigga,f0841725-f618-38b3-9fbb-6d1601d37024
dukefishron28,2dca1d30-c13f-36ee-8c96-0b7723f37ec5
bayerasspirin1,e273e82f-5666-39b9-8181-1d4e14acea25
chilly_willy364,61a0408b-239f-37e1-96a1-0639c7a6ac7d
dikdik,7978503b-b910-3499-ba4b-3d7c777e5862
con3,82ced078-b201-3823-a25c-39db994b4182
hersch,62e0dfe5-e76a-3b0d-8555-ee315c7ab04d
phol,f203c04c-0a72-35d8-958a-884d88df9449
raaaaa,5a8fac17-e3df-3a2b-98c9-d3e3c5d48227
sickie,4a350432-a959-3ea9-bf54-8ae3a1600936
notjongo,cf26573b-3438-3c64-861f-c12358bc7c19
frendboisrryisik,6826908a-5c84-3c15-a86b-f403ecce0b72
darveryeeish608,cd8ad3b0-a48b-38b3-9d58-50db3d301b9b
olliedabestballz,e4efc784-ef05-32e2-937b-879939083cd9
vincents_toe,42e39d5a-de2f-36dd-97ef-305793a2ecb5
olliedabest69420,a5959e15-321e-3579-a391-b1d21ea7eeb2
_uwu_,bec97544-ae93-34f5-bc70-2ec3459b49e7
